order_id,order_date,amount,product_id
1021,2024-03-03,2800.25,101
1022,2024-03-06,1350.00,102
1023,2024-03-09,2100.75,103
1024,2024-03-12,1700.00,104
1025,2024-03-15,2400.50,105
1026,2024-03-18,1550.00,106
1027,2024-03-21,1950.25,107
1028,2024-03-24,2600.00,108
1029,2024-03-27,1200.00,109
1030,2024-03-30,2900.50,110
